key,QG,QC
COMB,1.000000,0.000000
COMP,0.000000,0.000000
TGAS,0.000000,0.000000
HRSG,0.000000,1.000000
TVAP,0.000000,0.000000
PUMP,0.000000,0.000000
