key,QC
BOIL,0.715416182299472
TURA,0.0385159456014789
TURB,0.0801131668510764
DESG,0.165646577683161
