Key,QC,QG
COMB,0.000000,0.600000
COMP,0.000000,0.400000
TGAS,0.000000,0.000000
SHT,0.250000,0.000000
EVAP,0.450000,0.000000
ECON,0.300000,0.000000
TVAP,0.000000,0.000000
PUMP,0.000000,0.000000
